scenario,rules,repetition,transform_ms,parse_ms,conflict_ms,compliance_ms,conflicts,resolved_rules
conflict-free,50,1,0.685,4.596,0.051,0.401,0,50
conflict-free,50,2,0.479,3.767,0.026,0.389,0,50
conflict-free,50,3,0.484,3.652,0.025,0.324,0,50
conflict-free,50,4,0.318,3.904,0.025,0.336,0,50
conflict-free,50,5,0.377,3.799,0.026,0.302,0,50
conflict-free,50,6,0.302,3.466,0.026,0.387,0,50
conflict-free,50,7,0.283,3.787,0.035,0.420,0,50
conflict-free,50,8,0.529,3.770,0.025,0.300,0,50
conflict-free,50,9,0.258,3.438,0.025,0.319,0,50
conflict-free,50,10,0.263,3.014,0.037,0.274,0,50
conflict-free,50,11,0.578,3.968,0.026,0.373,0,50
conflict-free,50,12,0.362,3.153,0.024,0.354,0,50
conflict-free,50,13,0.496,2.963,0.025,0.361,0,50
conflict-free,50,14,0.397,2.748,0.024,0.600,0,50
conflict-free,50,15,0.323,3.195,0.024,0.354,0,50
conflict-free,50,16,0.296,2.946,0.025,0.304,0,50
conflict-free,50,17,0.405,2.761,0.025,0.307,0,50
conflict-free,50,18,0.341,2.453,0.027,0.359,0,50
conflict-free,50,19,0.274,2.370,0.024,0.323,0,50
conflict-free,50,20,0.308,2.817,0.052,0.365,0,50
conflict-free,100,1,0.426,3.672,0.102,2.833,0,100
conflict-free,100,2,0.467,3.642,0.083,0.606,0,100
conflict-free,100,3,0.257,3.096,0.083,0.525,0,100
conflict-free,100,4,0.256,5.600,0.159,0.962,0,100
conflict-free,100,5,0.459,4.598,0.155,0.905,0,100
conflict-free,100,6,0.513,4.713,0.193,0.937,0,100
conflict-free,100,7,0.462,4.450,0.166,1.031,0,100
conflict-free,100,8,0.451,4.848,0.164,0.923,0,100
conflict-free,100,9,0.415,4.383,0.154,0.953,0,100
conflict-free,100,10,0.430,4.469,0.163,0.909,0,100
conflict-free,100,11,0.466,4.660,0.162,1.156,0,100
conflict-free,100,12,0.452,3.898,0.156,0.976,0,100
conflict-free,100,13,0.452,3.703,0.155,0.968,0,100
conflict-free,100,14,0.457,3.615,0.159,0.903,0,100
conflict-free,100,15,0.532,3.786,0.156,0.919,0,100
conflict-free,100,16,0.615,3.816,0.160,0.939,0,100
conflict-free,100,17,0.521,3.587,0.145,0.940,0,100
conflict-free,100,18,0.597,6.472,0.157,0.977,0,100
conflict-free,100,19,0.526,3.756,0.154,0.548,0,100
conflict-free,100,20,0.297,2.250,0.106,0.558,0,100
conflict-free,200,1,0.560,6.164,0.356,1.204,0,200
conflict-free,200,2,0.474,4.257,0.317,1.060,0,200
conflict-free,200,3,0.404,3.801,0.389,1.073,0,200
conflict-free,200,4,0.553,4.008,0.352,1.064,0,200
conflict-free,200,5,0.455,6.607,0.333,1.003,0,200
conflict-free,200,6,0.445,3.306,0.314,0.963,0,200
conflict-free,200,7,0.419,3.476,0.339,0.958,0,200
conflict-free,200,8,0.399,3.227,0.330,0.955,0,200
conflict-free,200,9,0.429,3.787,0.352,1.032,0,200
conflict-free,200,10,0.405,5.197,0.517,1.833,0,200
conflict-free,200,11,0.756,5.599,0.399,1.847,0,200
conflict-free,200,12,0.689,5.435,0.388,1.673,0,200
conflict-free,200,13,0.691,5.581,0.361,1.684,0,200
conflict-free,200,14,2.948,6.193,0.355,1.680,0,200
conflict-free,200,15,1.102,6.353,0.173,1.602,0,200
conflict-free,200,16,1.149,6.360,0.159,1.556,0,200
conflict-free,200,17,1.199,5.540,0.190,1.325,0,200
conflict-free,200,18,0.649,4.813,0.155,1.121,0,200
conflict-free,200,19,0.625,4.781,0.153,1.170,0,200
conflict-free,200,20,0.608,4.954,0.189,1.125,0,200
conflict-free,500,1,0.760,7.375,0.774,1.413,0,500
conflict-free,500,2,0.712,7.124,0.670,1.488,0,500
conflict-free,500,3,0.852,6.472,0.682,1.479,0,500
conflict-free,500,4,1.488,6.604,0.673,1.471,0,500
conflict-free,500,5,1.110,6.379,0.691,1.277,0,500
conflict-free,500,6,1.130,9.949,0.666,1.331,0,500
conflict-free,500,7,0.710,6.300,0.667,1.239,0,500
conflict-free,500,8,0.673,6.176,0.661,1.156,0,500
conflict-free,500,9,0.743,6.076,0.660,1.222,0,500
conflict-free,500,10,0.684,5.904,0.749,1.104,0,500
conflict-free,500,11,0.646,6.353,0.791,1.093,0,500
conflict-free,500,12,0.645,8.580,0.673,1.103,0,500
conflict-free,500,13,0.599,5.802,0.680,1.044,0,500
conflict-free,500,14,0.592,5.771,0.666,1.121,0,500
conflict-free,500,15,0.622,6.016,0.667,1.048,0,500
conflict-free,500,16,0.666,5.787,0.661,1.026,0,500
conflict-free,500,17,0.583,5.561,0.662,1.013,0,500
conflict-free,500,18,0.583,10.368,0.666,1.402,0,500
conflict-free,500,19,0.828,7.752,0.670,1.330,0,500
conflict-free,500,20,1.023,7.530,2.338,2.094,0,500
conflict-free,1000,1,1.464,14.060,3.101,2.446,0,1000
conflict-free,1000,2,1.355,10.737,2.993,1.644,0,1000
conflict-free,1000,3,1.951,11.790,3.375,1.539,0,1000
conflict-free,1000,4,1.209,11.941,2.808,1.404,0,1000
conflict-free,1000,5,1.474,13.763,5.978,2.847,0,1000
conflict-free,1000,6,1.448,17.490,4.547,2.311,0,1000
conflict-free,1000,7,1.414,10.929,2.784,1.271,0,1000
conflict-free,1000,8,1.153,10.706,2.761,2.952,0,1000
conflict-free,1000,9,0.825,16.078,2.788,1.401,0,1000
conflict-free,1000,10,0.961,11.833,3.176,2.095,0,1000
conflict-free,1000,11,0.894,12.298,2.920,1.605,0,1000
conflict-free,1000,12,0.879,10.531,2.760,2.205,0,1000
conflict-free,1000,13,1.071,18.083,4.042,3.549,0,1000
conflict-free,1000,14,1.731,21.248,4.422,3.684,0,1000
conflict-free,1000,15,1.637,15.330,2.757,4.259,0,1000
conflict-free,1000,16,1.943,18.703,4.309,2.558,0,1000
conflict-free,1000,17,1.325,16.383,4.354,2.361,0,1000
conflict-free,1000,18,1.311,13.896,2.742,1.799,0,1000
conflict-free,1000,19,1.457,19.507,4.152,2.538,0,1000
conflict-free,1000,20,1.353,13.726,2.825,1.345,0,1000
conflict-free,2000,1,1.895,19.198,12.381,3.852,0,2000
conflict-free,2000,2,2.166,19.848,12.539,3.274,0,2000
conflict-free,2000,3,1.923,22.059,13.435,4.421,0,2000
conflict-free,2000,4,2.022,19.887,13.931,2.786,0,2000
conflict-free,2000,5,1.684,21.309,12.783,2.736,0,2000
conflict-free,2000,6,1.625,22.018,13.141,2.761,0,2000
conflict-free,2000,7,1.634,21.036,12.550,4.295,0,2000
conflict-free,2000,8,1.896,24.492,13.370,3.107,0,2000
conflict-free,2000,9,1.788,23.241,12.508,3.086,0,2000
conflict-free,2000,10,1.817,19.558,12.997,3.145,0,2000
conflict-free,2000,11,1.797,19.448,12.560,3.535,0,2000
conflict-free,2000,12,1.953,21.759,14.381,5.006,0,2000
conflict-free,2000,13,2.965,20.687,12.652,3.564,0,2000
conflict-free,2000,14,2.910,34.382,18.940,4.302,0,2000
conflict-free,2000,15,1.945,24.580,12.291,3.679,0,2000
conflict-free,2000,16,1.993,19.693,12.518,3.841,0,2000
conflict-free,2000,17,1.640,19.573,12.573,3.834,0,2000
conflict-free,2000,18,1.961,27.937,12.616,4.126,0,2000
conflict-free,2000,19,1.840,20.166,12.988,3.250,0,2000
conflict-free,2000,20,1.609,20.638,12.807,3.419,0,2000
paired-conflicts,50,1,0.108,1.610,0.169,0.112,25,25
paired-conflicts,50,2,0.103,1.457,0.232,0.102,25,25
paired-conflicts,50,3,0.102,1.472,0.176,0.111,25,25
paired-conflicts,50,4,0.107,2.892,0.225,0.203,25,25
paired-conflicts,50,5,0.399,1.826,0.142,0.163,25,25
paired-conflicts,50,6,0.223,1.772,0.144,0.268,25,25
paired-conflicts,50,7,0.189,1.489,0.097,0.108,25,25
paired-conflicts,50,8,0.245,1.684,0.137,0.099,25,25
paired-conflicts,50,9,0.199,1.704,0.207,0.706,25,25
paired-conflicts,50,10,0.223,1.647,0.121,0.130,25,25
paired-conflicts,50,11,0.200,1.660,0.077,0.096,25,25
paired-conflicts,50,12,0.179,1.633,0.083,0.132,25,25
paired-conflicts,50,13,0.180,1.753,0.091,0.107,25,25
paired-conflicts,50,14,0.270,1.772,0.123,0.131,25,25
paired-conflicts,50,15,0.204,1.704,0.080,0.139,25,25
paired-conflicts,50,16,0.176,1.655,0.045,0.180,25,25
paired-conflicts,50,17,0.181,1.469,0.045,0.101,25,25
paired-conflicts,50,18,0.178,1.588,0.046,0.109,25,25
paired-conflicts,50,19,0.134,1.136,0.048,0.067,25,25
paired-conflicts,50,20,0.143,1.718,0.091,0.107,25,25
paired-conflicts,100,1,0.405,2.961,0.327,0.259,50,50
paired-conflicts,100,2,0.389,2.950,0.271,0.190,50,50
paired-conflicts,100,3,0.413,3.143,0.259,0.174,50,50
paired-conflicts,100,4,0.190,2.613,0.263,0.154,50,50
paired-conflicts,100,5,0.183,2.645,0.216,0.146,50,50
paired-conflicts,100,6,0.191,2.385,0.223,0.126,50,50
paired-conflicts,100,7,0.190,2.345,0.527,0.166,50,50
paired-conflicts,100,8,0.168,2.487,0.249,0.121,50,50
paired-conflicts,100,9,0.204,2.463,0.337,0.129,50,50
paired-conflicts,100,10,0.164,2.305,0.213,0.120,50,50
paired-conflicts,100,11,0.175,2.365,0.323,0.115,50,50
paired-conflicts,100,12,0.166,2.329,0.237,0.129,50,50
paired-conflicts,100,13,0.157,2.284,0.328,0.123,50,50
paired-conflicts,100,14,0.161,2.373,0.196,0.115,50,50
paired-conflicts,100,15,0.166,2.321,0.096,0.104,50,50
paired-conflicts,100,16,0.158,2.362,0.145,0.128,50,50
paired-conflicts,100,17,0.157,2.486,0.112,0.079,50,50
paired-conflicts,100,18,0.105,1.924,0.061,0.076,50,50
paired-conflicts,100,19,0.106,1.406,0.072,0.072,50,50
paired-conflicts,100,20,0.103,1.497,0.060,0.072,50,50
paired-conflicts,200,1,0.185,2.622,0.219,0.137,100,100
paired-conflicts,200,2,0.186,3.070,0.385,0.268,100,100
paired-conflicts,200,3,0.298,4.620,0.367,0.322,100,100
paired-conflicts,200,4,0.348,4.569,0.363,0.282,100,100
paired-conflicts,200,5,0.326,3.303,0.193,0.172,100,100
paired-conflicts,200,6,0.190,2.841,0.183,0.135,100,100
paired-conflicts,200,7,0.188,4.809,0.203,0.141,100,100
paired-conflicts,200,8,0.191,4.104,0.192,0.154,100,100
paired-conflicts,200,9,0.227,2.838,0.228,0.367,100,100
paired-conflicts,200,10,0.274,2.821,0.184,0.140,100,100
paired-conflicts,200,11,0.188,3.589,0.238,0.138,100,100
paired-conflicts,200,12,0.194,2.443,0.219,0.130,100,100
paired-conflicts,200,13,0.185,4.965,0.377,6.769,100,100
paired-conflicts,200,14,0.301,4.313,0.368,0.254,100,100
paired-conflicts,200,15,0.317,4.260,0.348,0.247,100,100
paired-conflicts,200,16,0.294,4.137,0.374,0.262,100,100
paired-conflicts,200,17,0.297,3.985,0.336,0.261,100,100
paired-conflicts,200,18,0.329,3.913,0.327,0.273,100,100
paired-conflicts,200,19,0.313,4.089,0.353,0.263,100,100
paired-conflicts,200,20,0.296,3.869,0.408,0.268,100,100
paired-conflicts,500,1,0.612,8.325,1.379,0.568,250,250
paired-conflicts,500,2,0.559,6.466,1.098,0.535,250,250
paired-conflicts,500,3,0.588,5.255,1.278,0.562,250,250
paired-conflicts,500,4,0.705,5.069,1.050,0.338,250,250
paired-conflicts,500,5,1.515,5.037,0.935,0.582,250,250
paired-conflicts,500,6,0.647,6.589,0.965,0.286,250,250
paired-conflicts,500,7,0.412,4.661,0.959,0.575,250,250
paired-conflicts,500,8,0.659,5.105,1.174,0.338,250,250
paired-conflicts,500,9,0.471,4.990,0.945,0.286,250,250
paired-conflicts,500,10,0.439,4.931,1.043,0.272,250,250
paired-conflicts,500,11,0.394,7.282,0.961,0.385,250,250
paired-conflicts,500,12,0.493,5.265,0.952,0.268,250,250
paired-conflicts,500,13,0.425,4.750,0.936,0.272,250,250
paired-conflicts,500,14,0.531,4.962,0.984,0.279,250,250
paired-conflicts,500,15,0.430,5.021,0.954,0.274,250,250
paired-conflicts,500,16,0.424,4.513,0.915,0.263,250,250
paired-conflicts,500,17,0.417,4.568,0.914,0.262,250,250
paired-conflicts,500,18,0.409,4.437,1.040,0.310,250,250
paired-conflicts,500,19,0.416,6.184,0.932,0.288,250,250
paired-conflicts,500,20,0.416,4.940,1.116,0.274,250,250
paired-conflicts,1000,1,0.890,9.658,4.031,0.593,500,500
paired-conflicts,1000,2,0.805,9.256,4.044,0.827,500,500
paired-conflicts,1000,3,0.797,9.277,4.173,0.598,500,500
paired-conflicts,1000,4,0.843,13.249,3.421,0.530,500,500
paired-conflicts,1000,5,0.789,9.605,3.972,0.562,500,500
paired-conflicts,1000,6,0.838,9.839,3.782,0.570,500,500
paired-conflicts,1000,7,0.765,9.921,3.778,0.621,500,500
paired-conflicts,1000,8,0.772,9.807,3.894,0.579,500,500
paired-conflicts,1000,9,0.826,10.132,3.879,0.561,500,500
paired-conflicts,1000,10,0.818,10.082,3.693,0.731,500,500
paired-conflicts,1000,11,0.784,9.529,3.996,2.865,500,500
paired-conflicts,1000,12,0.790,9.321,3.724,0.577,500,500
paired-conflicts,1000,13,1.163,9.469,3.678,0.582,500,500
paired-conflicts,1000,14,0.820,10.441,4.010,0.608,500,500
paired-conflicts,1000,15,0.971,9.835,3.836,0.608,500,500
paired-conflicts,1000,16,0.941,9.186,4.057,0.576,500,500
paired-conflicts,1000,17,0.792,9.406,3.697,0.577,500,500
paired-conflicts,1000,18,0.761,9.921,6.200,0.724,500,500
paired-conflicts,1000,19,0.818,17.888,3.730,0.568,500,500
paired-conflicts,1000,20,0.798,10.476,4.424,0.625,500,500
paired-conflicts,2000,1,2.901,20.226,20.720,1.664,1000,1000
paired-conflicts,2000,2,1.785,20.724,21.140,1.678,1000,1000
paired-conflicts,2000,3,1.854,19.369,20.467,2.152,1000,1000
paired-conflicts,2000,4,1.742,18.774,19.992,1.468,1000,1000
paired-conflicts,2000,5,3.309,19.408,20.291,1.827,1000,1000
paired-conflicts,2000,6,2.263,20.461,20.410,1.416,1000,1000
paired-conflicts,2000,7,1.920,19.866,20.104,1.551,1000,1000
paired-conflicts,2000,8,1.677,20.582,20.159,1.887,1000,1000
paired-conflicts,2000,9,3.303,19.042,20.539,1.649,1000,1000
paired-conflicts,2000,10,1.724,19.386,19.969,1.370,1000,1000
paired-conflicts,2000,11,1.562,19.170,18.918,1.500,1000,1000
paired-conflicts,2000,12,1.682,19.366,19.779,2.223,1000,1000
paired-conflicts,2000,13,3.490,19.448,20.166,1.472,1000,1000
paired-conflicts,2000,14,1.661,20.981,20.129,1.528,1000,1000
paired-conflicts,2000,15,2.853,20.818,19.292,1.274,1000,1000
paired-conflicts,2000,16,1.659,18.361,19.492,1.273,1000,1000
paired-conflicts,2000,17,3.078,19.402,19.904,1.602,1000,1000
paired-conflicts,2000,18,1.742,19.806,19.491,1.315,1000,1000
paired-conflicts,2000,19,1.608,18.793,20.942,2.672,1000,1000
paired-conflicts,2000,20,2.011,22.187,21.118,1.994,1000,1000
